-- ============================================================================
-- ECG 业务联调测试数据（20组完整链路）
-- 使用方式：先执行 sql/init.sql 建表，再执行本脚本。
-- ============================================================================

SET FOREIGN_KEY_CHECKS = 0;

TRUNCATE TABLE sys_ecg_follow_up;
TRUNCATE TABLE sys_ecg_report;
TRUNCATE TABLE sys_ecg_abnormal_warning;
TRUNCATE TABLE sys_ecg_ai_analysis;
TRUNCATE TABLE sys_ecg_core_index;
TRUNCATE TABLE sys_ecg_measure_record;
TRUNCATE TABLE bed_info;
TRUNCATE TABLE ward_info;
TRUNCATE TABLE sys_ecg_ward_info;
TRUNCATE TABLE sys_ecg_equipment_info;
TRUNCATE TABLE sys_ecg_doctor_info;
TRUNCATE TABLE sys_ecg_patient_info;

SET FOREIGN_KEY_CHECKS = 1;

-- ============================================================================
-- 1) 病区 / 病房 / 床位
-- ============================================================================

INSERT INTO sys_ecg_ward_info (ward_id, ward_name, ward_phone, ward_desc) VALUES
(1, '心内一病区', '010-86000001', '冠心病与心绞痛监护病区'),
(2, '心内二病区', '010-86000002', '心律失常重点病区'),
(3, '心内三病区', '010-86000003', '术后恢复病区'),
(4, '心内四病区', '010-86000004', '高血压并发症病区'),
(5, '心内五病区', '010-86000005', '心衰管理病区'),
(6, '心内六病区', '010-86000006', '心电监护重点病区'),
(7, '心内七病区', '010-86000007', '老年心血管病区'),
(8, '心内八病区', '010-86000008', '起搏与电生理病区'),
(9, '心内九病区', '010-86000009', '康复观察病区'),
(10, '心内十病区', '010-86000010', '综合病区');

INSERT INTO ward_info (ward_id, department, ward_no, nurse_name, total_beds) VALUES
(1, '心血管内科', '101', '张宁', 2),
(2, '心血管内科', '102', '李洁', 2),
(3, '心血管内科', '103', '王颖', 2),
(4, '心血管内科', '104', '赵琳', 2),
(5, '心血管内科', '105', '陈萍', 2),
(6, '心血管内科', '106', '刘莎', 2),
(7, '心血管内科', '107', '杨璐', 2),
(8, '心血管内科', '108', '黄倩', 2),
(9, '心血管内科', '109', '周敏', 2),
(10, '心血管内科', '110', '吴静', 2);

INSERT INTO bed_info (bed_id, ward_id, bed_no, status, patient_id) VALUES
(1, 1, '101-01', 1, 1),
(2, 1, '101-02', 1, 2),
(3, 2, '102-01', 1, 3),
(4, 2, '102-02', 1, 4),
(5, 3, '103-01', 1, 5),
(6, 3, '103-02', 1, 6),
(7, 4, '104-01', 1, 7),
(8, 4, '104-02', 1, 8),
(9, 5, '105-01', 1, 9),
(10, 5, '105-02', 1, 10),
(11, 6, '106-01', 1, 11),
(12, 6, '106-02', 1, 12),
(13, 7, '107-01', 1, 13),
(14, 7, '107-02', 1, 14),
(15, 8, '108-01', 1, 15),
(16, 8, '108-02', 1, 16),
(17, 9, '109-01', 0, NULL),
(18, 9, '109-02', 0, NULL),
(19, 10, '110-01', 0, NULL),
(20, 10, '110-02', 0, NULL);

-- ============================================================================
-- 2) 医生 / 设备
-- ============================================================================

INSERT INTO sys_ecg_doctor_info (doctor_id, doctor_name, doctor_title, ward_id, user_name, password, is_active) VALUES
(1, '张伟', '主任医师', 1, 'zhangwei', 'e10adc3949ba59abbe56e057f20f883e', 1),
(2, '李芳', '副主任医师', 2, 'lifang', 'e10adc3949ba59abbe56e057f20f883e', 1),
(3, '王强', '主治医师', 3, 'wangqiang', 'e10adc3949ba59abbe56e057f20f883e', 1),
(4, '赵敏', '主治医师', 4, 'zhaomin', 'e10adc3949ba59abbe56e057f20f883e', 1),
(5, '刘洋', '主任医师', 5, 'liuyang', 'e10adc3949ba59abbe56e057f20f883e', 1),
(6, '陈静', '副主任医师', 6, 'chenjing', 'e10adc3949ba59abbe56e057f20f883e', 1),
(7, '杨勇', '主治医师', 7, 'yangyong', 'e10adc3949ba59abbe56e057f20f883e', 1),
(8, '黄燕', '住院医师', 8, 'huangyan', 'e10adc3949ba59abbe56e057f20f883e', 1),
(9, '周杰', '主任医师', 9, 'zhoujie', 'e10adc3949ba59abbe56e057f20f883e', 1),
(10, '吴娟', '副主任医师', 10, 'wujuan', 'e10adc3949ba59abbe56e057f20f883e', 1);

INSERT INTO sys_ecg_equipment_info (
  equipment_id, equipment_code, equipment_name, equipment_type, manufacturer,
  equipment_version, ward_id, equipment_status, install_time, maintain_time, next_maintain_time
) VALUES
(101, 'ECG-101', '常规心电仪-A1', '常规心电', '迈瑞', 'v3.2', 1, '正常', '2025-11-10 09:00:00', '2026-03-01 10:00:00', '2026-06-01 10:00:00'),
(102, 'ECG-102', '常规心电仪-A2', '常规心电', '迈瑞', 'v3.2', 2, '正常', '2025-11-12 09:00:00', '2026-03-03 10:00:00', '2026-06-03 10:00:00'),
(103, 'ECG-103', '动态心电盒-H1', '动态心电', '理邦', 'v2.8', 3, '正常', '2025-11-15 09:00:00', '2026-03-05 10:00:00', '2026-06-05 10:00:00'),
(104, 'ECG-104', '动态心电盒-H2', '动态心电', '理邦', 'v2.8', 4, '正常', '2025-11-18 09:00:00', '2026-03-07 10:00:00', '2026-06-07 10:00:00'),
(105, 'ECG-105', '遥测监护-W1', '遥测心电', '飞利浦', 'v4.0', 5, '正常', '2025-12-01 09:00:00', '2026-03-09 10:00:00', '2026-06-09 10:00:00'),
(106, 'ECG-106', '遥测监护-W2', '遥测心电', '飞利浦', 'v4.0', 6, '正常', '2025-12-05 09:00:00', '2026-03-11 10:00:00', '2026-06-11 10:00:00'),
(107, 'ECG-107', '便携贴片-P1', '便携心电', '微心', 'v1.9', 7, '正常', '2025-12-10 09:00:00', '2026-03-13 10:00:00', '2026-06-13 10:00:00'),
(108, 'ECG-108', '便携贴片-P2', '便携心电', '微心', 'v1.9', 8, '正常', '2025-12-12 09:00:00', '2026-03-15 10:00:00', '2026-06-15 10:00:00'),
(109, 'ECG-109', '常规心电仪-A3', '常规心电', '迈瑞', 'v3.3', 9, '正常', '2025-12-15 09:00:00', '2026-03-17 10:00:00', '2026-06-17 10:00:00'),
(110, 'ECG-110', '动态心电盒-H3', '动态心电', '理邦', 'v2.9', 10, '正常', '2025-12-18 09:00:00', '2026-03-19 10:00:00', '2026-06-19 10:00:00'),
(111, 'ECG-111', '门诊快检仪-O1', '门诊心电', '理邦', 'v1.5', NULL, '正常', '2025-12-20 09:00:00', '2026-03-21 10:00:00', '2026-06-21 10:00:00'),
(112, 'ECG-112', '门诊快检仪-O2', '门诊心电', '迈瑞', 'v1.5', NULL, '正常', '2025-12-22 09:00:00', '2026-03-23 10:00:00', '2026-06-23 10:00:00');

-- ============================================================================
-- 3) 患者（20条）
-- ============================================================================

INSERT INTO sys_ecg_patient_info (
  patient_id, patient_name, patient_gender, patient_age, inpatient_no, outpatient_no,
  inpatient_date, bed_no, inpatient_diagnosis, discharge_diagnosis,
  ward_id, phone, status, discharge_time
) VALUES
(1, '赵建国', '男', 65, 'ZY202604001', NULL, '2026-04-10', '101-01', '冠心病伴心绞痛', NULL, 1, '13800010001', 1, NULL),
(2, '钱秀英', '女', 72, 'ZY202604002', NULL, '2026-04-10', '101-02', '高血压性心脏病', NULL, 1, '13800010002', 1, NULL),
(3, '孙伟', '男', 58, 'ZY202604003', NULL, '2026-04-11', '102-01', '阵发性房颤', NULL, 2, '13800010003', 1, NULL),
(4, '李志强', '男', 45, 'ZY202604004', NULL, '2026-04-11', '102-02', '扩张型心肌病', NULL, 2, '13800010004', 1, NULL),
(5, '周兰', '女', 66, 'ZY202604005', NULL, '2026-04-12', '103-01', '慢性心力衰竭', NULL, 3, '13800010005', 1, NULL),
(6, '吴敏', '女', 54, 'ZY202604006', NULL, '2026-04-12', '103-02', '冠状动脉粥样硬化', NULL, 3, '13800010006', 1, NULL),
(7, '郑杰', '男', 70, 'ZY202604007', NULL, '2026-04-12', '104-01', '窦性心动过缓', NULL, 4, '13800010007', 1, NULL),
(8, '王强', '男', 61, 'ZY202604008', NULL, '2026-04-13', '104-02', '心律失常待查', NULL, 4, '13800010008', 1, NULL),
(9, '冯芳', '女', 49, 'ZY202604009', NULL, '2026-04-13', '105-01', '二尖瓣关闭不全', NULL, 5, '13800010009', 1, NULL),
(10, '陈平', '男', 78, 'ZY202604010', NULL, '2026-04-14', '105-02', '心衰急性加重', NULL, 5, '13800010010', 1, NULL),
(11, '褚静', '女', 59, 'ZY202604011', NULL, '2026-04-14', '106-01', '频发室早', NULL, 6, '13800010011', 1, NULL),
(12, '卫东', '男', 63, 'ZY202604012', NULL, '2026-04-14', '106-02', '窦性停搏待查', NULL, 6, '13800010012', 1, NULL),
(13, '蒋丽', '女', 82, 'ZY202604013', NULL, '2026-04-15', '107-01', '不稳定型心绞痛', NULL, 7, '13800010013', 1, NULL),
(14, '沈洋', '男', 55, 'ZY202604014', NULL, '2026-04-15', '107-02', '缺血性心肌病', NULL, 7, '13800010014', 1, NULL),
(15, '韩梅', '女', 68, 'ZY202604015', NULL, '2026-04-15', '108-01', '急性心梗恢复期', NULL, 8, '13800010015', 1, NULL),
(16, '杨波', '男', 41, 'ZY202604016', NULL, '2026-04-15', '108-02', '室上速发作', NULL, 8, '13800010016', 1, NULL),
(17, '朱华', '男', 50, 'ZY202604017', 'MZ202604017', '2026-04-15', NULL, '门诊胸闷待查', NULL, NULL, '13800010017', 1, NULL),
(18, '秦琴', '女', 44, 'ZY202604018', 'MZ202604018', '2026-04-15', NULL, '自主神经功能紊乱', '症状缓解出院', NULL, '13800010018', 0, '2026-04-16 16:30:00'),
(19, '尤磊', '男', 38, 'ZY202604019', 'MZ202604019', '2026-04-15', NULL, '高血压3级', NULL, NULL, '13800010019', 1, NULL),
(20, '许婷', '女', 56, 'ZY202604020', 'MZ202604020', '2026-04-15', NULL, '心脏瓣膜病', '病情稳定出院', NULL, '13800010020', 0, '2026-04-16 11:20:00');

-- ============================================================================
-- 4) 测量记录（20条）
-- ============================================================================

INSERT INTO sys_ecg_measure_record (
  measure_id, patient_id, measure_type, equipment_id, start_time, end_time, total_duration,
  wave_data_path, measure_point, measurer, ward_id, measure_status
) VALUES
(1, 1, '常规心电', 101, '2026-04-16 08:00:00', '2026-04-16 08:20:00', '00:20:00', '/data/ecg/m001.dat', '晨间', '张宁', 1, '已完成'),
(2, 2, '常规心电', 101, '2026-04-16 08:10:00', '2026-04-16 08:28:00', '00:18:00', '/data/ecg/m002.dat', '晨间', '张宁', 1, '已完成'),
(3, 3, '动态心电', 102, '2026-04-16 08:20:00', '2026-04-16 08:55:00', '00:35:00', '/data/ecg/m003.dat', '晨间', '李洁', 2, '已完成'),
(4, 4, '常规心电', 102, '2026-04-16 08:30:00', '2026-04-16 08:50:00', '00:20:00', '/data/ecg/m004.dat', '晨间', '李洁', 2, '已完成'),
(5, 5, '动态心电', 103, '2026-04-16 08:40:00', '2026-04-16 09:15:00', '00:35:00', '/data/ecg/m005.dat', '晨间', '王颖', 3, '已完成'),
(6, 6, '常规心电', 103, '2026-04-16 08:50:00', '2026-04-16 09:08:00', '00:18:00', '/data/ecg/m006.dat', '晨间', '王颖', 3, '已完成'),
(7, 7, '常规心电', 104, '2026-04-16 09:00:00', '2026-04-16 09:18:00', '00:18:00', '/data/ecg/m007.dat', '上午', '赵琳', 4, '已完成'),
(8, 8, '动态心电', 104, '2026-04-16 09:10:00', '2026-04-16 09:40:00', '00:30:00', '/data/ecg/m008.dat', '上午', '赵琳', 4, '已完成'),
(9, 9, '常规心电', 105, '2026-04-16 09:20:00', '2026-04-16 09:38:00', '00:18:00', '/data/ecg/m009.dat', '上午', '陈萍', 5, '已完成'),
(10, 10, '动态心电', 105, '2026-04-16 09:30:00', '2026-04-16 10:10:00', '00:40:00', '/data/ecg/m010.dat', '上午', '陈萍', 5, '已完成'),
(11, 11, '常规心电', 106, '2026-04-16 09:40:00', '2026-04-16 10:00:00', '00:20:00', '/data/ecg/m011.dat', '上午', '刘莎', 6, '已完成'),
(12, 12, '动态心电', 106, '2026-04-16 09:50:00', '2026-04-16 10:35:00', '00:45:00', '/data/ecg/m012.dat', '上午', '刘莎', 6, '已完成'),
(13, 13, '常规心电', 107, '2026-04-16 10:00:00', '2026-04-16 10:22:00', '00:22:00', '/data/ecg/m013.dat', '上午', '杨璐', 7, '已完成'),
(14, 14, '常规心电', 107, '2026-04-16 10:10:00', '2026-04-16 10:30:00', '00:20:00', '/data/ecg/m014.dat', '上午', '杨璐', 7, '已完成'),
(15, 15, '动态心电', 108, '2026-04-16 10:20:00', '2026-04-16 11:05:00', '00:45:00', '/data/ecg/m015.dat', '上午', '黄倩', 8, '已完成'),
(16, 16, '常规心电', 108, '2026-04-16 10:30:00', '2026-04-16 10:50:00', '00:20:00', '/data/ecg/m016.dat', '上午', '黄倩', 8, '已完成'),
(17, 17, '门诊心电', 111, '2026-04-16 10:40:00', '2026-04-16 10:55:00', '00:15:00', '/data/ecg/m017.dat', '门诊', '门诊护士A', NULL, '已完成'),
(18, 18, '门诊心电', 111, '2026-04-16 10:50:00', '2026-04-16 11:05:00', '00:15:00', '/data/ecg/m018.dat', '门诊', '门诊护士A', NULL, '已完成'),
(19, 19, '门诊心电', 112, '2026-04-16 11:00:00', '2026-04-16 11:18:00', '00:18:00', '/data/ecg/m019.dat', '门诊', '门诊护士B', NULL, '已完成'),
(20, 20, '门诊心电', 112, '2026-04-16 11:10:00', '2026-04-16 11:30:00', '00:20:00', '/data/ecg/m020.dat', '门诊', '门诊护士B', NULL, '已完成');

-- ============================================================================
-- 5) 核心指标 / AI分析（各20条）
-- ============================================================================

INSERT INTO sys_ecg_core_index (
  index_id, measure_id, heartbeat_total, avg_heart_rate, min_heart_rate, max_heart_rate,
  max_rr_interval, max_rr_count, tachycardia_times, bradycardia_times,
  atrial_premature, ventricular_premature, rhythm_type, warning_status
) VALUES
(1, 1, 2200, 112.5, 88, 136, 0.890, 0, 3, 0, 18, 2, '窦性心动过速', 0),
(2, 2, 2140, 86.2, 62, 106, 1.120, 0, 0, 0, 3, 1, '窦性心律', 1),
(3, 3, 3800, 126.8, 97, 162, 0.740, 0, 6, 0, 45, 6, '房颤', 0),
(4, 4, 2320, 78.6, 55, 102, 1.430, 0, 0, 0, 4, 0, '窦性心律', 1),
(5, 5, 4100, 68.4, 49, 90, 1.980, 1, 0, 1, 2, 1, '窦性心动过缓', 0),
(6, 6, 2280, 101.7, 76, 128, 0.920, 0, 2, 0, 11, 5, '窦速伴房早', 0),
(7, 7, 2100, 56.1, 41, 82, 2.260, 2, 0, 4, 1, 8, '显著窦缓', 0),
(8, 8, 3550, 94.3, 68, 118, 1.050, 0, 1, 0, 7, 2, '窦性心律', 1),
(9, 9, 2380, 79.5, 61, 98, 1.260, 0, 0, 0, 1, 0, '窦性心律', 1),
(10, 10, 4250, 108.9, 83, 141, 0.810, 0, 4, 0, 36, 20, '频发室早', 0),
(11, 11, 2400, 90.4, 66, 114, 0.980, 0, 0, 0, 2, 28, '室早二联律', 0),
(12, 12, 3600, 46.2, 37, 63, 2.540, 3, 0, 5, 0, 0, '窦停待查', 0),
(13, 13, 2500, 96.6, 73, 129, 0.860, 0, 1, 0, 9, 4, '缺血性改变', 0),
(14, 14, 2420, 83.1, 60, 104, 1.180, 0, 0, 0, 4, 2, '多源性早搏', 0),
(15, 15, 3920, 106.3, 84, 138, 0.930, 0, 3, 0, 30, 16, '短阵室速', 0),
(16, 16, 2250, 119.7, 96, 148, 0.720, 0, 5, 0, 15, 3, '室上速', 0),
(17, 17, 1800, 74.9, 58, 97, 1.350, 0, 0, 0, 1, 0, '窦性心律', 1),
(18, 18, 1760, 64.3, 46, 85, 1.620, 1, 0, 1, 3, 0, '窦缓', 0),
(19, 19, 1880, 92.0, 71, 121, 1.020, 0, 1, 0, 6, 2, '轻度异常', 0),
(20, 20, 2010, 116.1, 92, 146, 0.790, 0, 3, 0, 21, 6, '窦性心动过速', 0);

INSERT INTO sys_ecg_ai_analysis (
  ai_analysis_id, measure_id, model_version, abnormal_fragment, ai_diagnosis,
  abnormal_index, confidence, analysis_time, is_verified
) VALUES
(1, 1, 'v2.1.0', '/fragment/001.png', '窦性心动过速', 'HR_HIGH', 95.20, '2026-04-16 08:25:00', 1),
(2, 2, 'v2.1.0', '/fragment/002.png', '偶发室早', 'ARR', 90.50, '2026-04-16 08:32:00', 1),
(3, 3, 'v2.1.0', '/fragment/003.png', '阵发性房颤', 'HR_HIGH,ARR', 96.10, '2026-04-16 09:00:00', 0),
(4, 4, 'v2.1.0', '/fragment/004.png', '长RR间期', 'ARR', 88.30, '2026-04-16 08:55:00', 1),
(5, 5, 'v2.1.0', '/fragment/005.png', '窦性心动过缓', 'HR_LOW', 91.20, '2026-04-16 09:20:00', 0),
(6, 6, 'v2.1.0', '/fragment/006.png', '窦速伴房早', 'HR_HIGH,ARR', 93.00, '2026-04-16 09:12:00', 1),
(7, 7, 'v2.1.0', '/fragment/007.png', '显著窦缓', 'HR_LOW', 97.60, '2026-04-16 09:22:00', 1),
(8, 8, 'v2.1.0', '/fragment/008.png', '成对房早', 'ARR', 87.90, '2026-04-16 09:45:00', 0),
(9, 9, 'v2.1.0', '/fragment/009.png', 'ST-T轻度改变', 'ST', 84.60, '2026-04-16 09:42:00', 1),
(10, 10, 'v2.1.0', '/fragment/010.png', '频发室早', 'ARR', 95.80, '2026-04-16 10:15:00', 1),
(11, 11, 'v2.1.0', '/fragment/011.png', '室早二联律', 'ARR', 96.20, '2026-04-16 10:05:00', 0),
(12, 12, 'v2.1.0', '/fragment/012.png', '停搏风险', 'HR_LOW', 97.10, '2026-04-16 10:40:00', 1),
(13, 13, 'v2.1.0', '/fragment/013.png', '缺血性改变', 'ST', 92.40, '2026-04-16 10:27:00', 1),
(14, 14, 'v2.1.0', '/fragment/014.png', '多源性早搏', 'ARR', 90.20, '2026-04-16 10:35:00', 0),
(15, 15, 'v2.1.0', '/fragment/015.png', '短阵室速', 'HR_HIGH,ARR', 98.10, '2026-04-16 11:10:00', 1),
(16, 16, 'v2.1.0', '/fragment/016.png', '室上速发作', 'HR_HIGH', 94.90, '2026-04-16 10:55:00', 1),
(17, 17, 'v2.1.0', '/fragment/017.png', '窦性心律', 'NORMAL', 82.50, '2026-04-16 11:00:00', 1),
(18, 18, 'v2.1.0', '/fragment/018.png', '轻度窦缓', 'HR_LOW', 85.70, '2026-04-16 11:08:00', 0),
(19, 19, 'v2.1.0', '/fragment/019.png', '轻度房早', 'ARR', 84.10, '2026-04-16 11:22:00', 0),
(20, 20, 'v2.1.0', '/fragment/020.png', '窦性心动过速', 'HR_HIGH', 89.80, '2026-04-16 11:35:00', 0);

-- ============================================================================
-- 6) 异常预警 / 报告（各20条）
-- ============================================================================

INSERT INTO sys_ecg_abnormal_warning (
  warning_id, measure_id, patient_id, warning_time, warning_type, warning_level,
  warning_content, handle_doctor_id, handle_time, handle_result, warning_status
) VALUES
(1, 1, 1, '2026-04-16 08:26:00', 'HR_HIGH', '异常', '心率持续高于110次/分', 1, '2026-04-16 08:35:00', '已纳入重点监护', '1'),
(2, 2, 2, '2026-04-16 08:34:00', 'ARR', '异常', '偶发室性早搏', 2, '2026-04-16 08:45:00', '继续观察', '1'),
(3, 3, 3, '2026-04-16 09:02:00', 'ARR', '危急', '阵发性房颤伴快速心室率', 2, '2026-04-16 09:10:00', '已调整用药方案', '1'),
(4, 4, 4, '2026-04-16 08:58:00', 'ARR', '异常', 'RR间期延长', 3, '2026-04-16 09:08:00', '安排复测', '1'),
(5, 5, 5, '2026-04-16 09:22:00', 'HR_LOW', '异常', '最低心率接近警戒值', 4, '2026-04-16 09:30:00', '加强监测', '1'),
(6, 6, 6, '2026-04-16 09:14:00', 'HR_HIGH', '异常', '窦速并房早', 5, '2026-04-16 09:25:00', '药物干预后观察', '1'),
(7, 7, 7, '2026-04-16 09:24:00', 'HR_LOW', '重度', '显著窦缓伴长间歇', 6, '2026-04-16 09:28:00', '会诊评估起搏器', '1'),
(8, 8, 8, '2026-04-16 09:47:00', 'ARR', '异常', '成对房性早搏', 7, '2026-04-16 09:55:00', '继续动态观察', '1'),
(9, 9, 9, '2026-04-16 09:44:00', 'ST', '异常', 'ST-T轻度异常', 8, '2026-04-16 10:00:00', '建议完善心肌酶检查', '1'),
(10, 10, 10, '2026-04-16 10:16:00', 'ARR', '危急', '频发室早风险升高', 5, '2026-04-16 10:20:00', '纳入危急值管理', '1'),
(11, 11, 11, '2026-04-16 10:06:00', 'ARR', '危急', '室早二联律', 6, '2026-04-16 10:12:00', '安排床旁复核', '1'),
(12, 12, 12, '2026-04-16 10:41:00', 'HR_LOW', '危急', '停搏风险提示', 1, '2026-04-16 10:43:00', '已转重点看护', '1'),
(13, 13, 13, '2026-04-16 10:28:00', 'ST', '异常', '缺血性改变', NULL, NULL, NULL, '0'),
(14, 14, 14, '2026-04-16 10:36:00', 'ARR', '异常', '多源性早搏', NULL, NULL, NULL, '0'),
(15, 15, 15, '2026-04-16 11:11:00', 'ARR', '危急', '短阵室速发作', NULL, NULL, NULL, '0'),
(16, 16, 16, '2026-04-16 10:56:00', 'HR_HIGH', '异常', '心率峰值接近150次/分', NULL, NULL, NULL, '0'),
(17, 17, 17, '2026-04-16 11:01:00', 'ARR', '正常', '门诊轻微异常波动', NULL, NULL, NULL, '0'),
(18, 18, 18, '2026-04-16 11:09:00', 'HR_LOW', '异常', '轻度窦缓', NULL, NULL, NULL, '0'),
(19, 19, 19, '2026-04-16 11:23:00', 'ARR', '异常', '轻度房早', NULL, NULL, NULL, '0'),
(20, 20, 20, '2026-04-16 11:36:00', 'HR_HIGH', '异常', '门诊窦速', NULL, NULL, NULL, '0');

INSERT INTO sys_ecg_report (
  report_id, measure_id, ai_analysis_id, patient_id, report_no, report_content,
  diagnosis_result, create_doctor_id, review_doctor_id, create_time, review_time,
  report_status, report_path
) VALUES
(1, 1, 1, 1, 'REP202604160001', '心率偏快，建议继续监护。', '窦性心动过速', 1, 2, '2026-04-16 08:40:00', '2026-04-16 08:50:00', '已审核', '/report/rep0001.pdf'),
(2, 2, 2, 2, 'REP202604160002', '偶发室早，暂不需升级治疗。', '偶发室性早搏', 2, 1, '2026-04-16 08:48:00', '2026-04-16 09:00:00', '已审核', '/report/rep0002.pdf'),
(3, 3, 3, 3, 'REP202604160003', '房颤发作，建议抗凝评估。', '阵发性房颤', 3, 5, '2026-04-16 09:12:00', '2026-04-16 09:22:00', '已审核', '/report/rep0003.pdf'),
(4, 4, 4, 4, 'REP202604160004', '存在长RR间期，建议复查。', '长RR间期', 4, 3, '2026-04-16 09:10:00', '2026-04-16 09:20:00', '已审核', '/report/rep0004.pdf'),
(5, 5, 5, 5, 'REP202604160005', '窦缓趋势，建议夜间监护。', '窦性心动过缓', 5, 6, '2026-04-16 09:32:00', '2026-04-16 09:44:00', '已审核', '/report/rep0005.pdf'),
(6, 6, 6, 6, 'REP202604160006', '窦速伴房早。', '窦速伴房早', 6, 5, '2026-04-16 09:28:00', '2026-04-16 09:40:00', '已审核', '/report/rep0006.pdf'),
(7, 7, 7, 7, 'REP202604160007', '显著窦缓，建议会诊。', '显著窦缓', 7, 1, '2026-04-16 09:30:00', '2026-04-16 09:45:00', '已审核', '/report/rep0007.pdf'),
(8, 8, 8, 8, 'REP202604160008', '成对房早，继续随访。', '成对房性早搏', 8, 7, '2026-04-16 09:58:00', '2026-04-16 10:10:00', '已审核', '/report/rep0008.pdf'),
(9, 9, 9, 9, 'REP202604160009', '轻度ST-T改变。', '疑似心肌缺血', 9, NULL, '2026-04-16 10:03:00', NULL, '待审核', '/report/rep0009.pdf'),
(10, 10, 10, 10, 'REP202604160010', '频发室早，风险较高。', '频发室性早搏', 10, NULL, '2026-04-16 10:24:00', NULL, '待审核', '/report/rep0010.pdf'),
(11, 11, 11, 11, 'REP202604160011', '室早二联律需重点观察。', '室早二联律', 1, NULL, '2026-04-16 10:16:00', NULL, '待审核', '/report/rep0011.pdf'),
(12, 12, 12, 12, 'REP202604160012', '停搏风险提示。', '停搏风险', 2, NULL, '2026-04-16 10:45:00', NULL, '待审核', '/report/rep0012.pdf'),
(13, 13, 13, 13, 'REP202604160013', '缺血性改变，建议复查。', '缺血性改变', 3, NULL, '2026-04-16 10:32:00', NULL, '待审核', '/report/rep0013.pdf'),
(14, 14, 14, 14, 'REP202604160014', '多源性早搏。', '多源性早搏', 4, NULL, '2026-04-16 10:40:00', NULL, '待审核', '/report/rep0014.pdf'),
(15, 15, 15, 15, 'REP202604160015', '短阵室速建议住院观察。', '短阵室速', 5, NULL, '2026-04-16 11:14:00', NULL, '草稿', '/report/rep0015.pdf'),
(16, 16, 16, 16, 'REP202604160016', '室上速发作。', '室上速', 6, NULL, '2026-04-16 11:00:00', NULL, '草稿', '/report/rep0016.pdf'),
(17, 17, 17, 17, 'REP202604160017', '门诊心电基本正常。', '基本正常', 7, NULL, '2026-04-16 11:05:00', NULL, '草稿', '/report/rep0017.pdf'),
(18, 18, 18, 18, 'REP202604160018', '轻度窦缓。', '轻度窦缓', 8, NULL, '2026-04-16 11:12:00', NULL, '草稿', '/report/rep0018.pdf'),
(19, 19, 19, 19, 'REP202604160019', '轻度房早。', '轻度房早', 9, NULL, '2026-04-16 11:26:00', NULL, '草稿', '/report/rep0019.pdf'),
(20, 20, 20, 20, 'REP202604160020', '窦性心动过速。', '窦性心动过速', 10, NULL, '2026-04-16 11:38:00', NULL, '草稿', '/report/rep0020.pdf');

-- ============================================================================
-- 7) 随访（20条）
-- ============================================================================

INSERT INTO sys_ecg_follow_up (
  follow_id, patient_id, measure_id, follow_time, follow_type, follow_doctor_id,
  patient_condition, follow_advice, next_follow_time, follow_remark
) VALUES
(1, 1, 1, '2026-04-16 09:10:00', '病房查房', 1, '心率偏快', '继续监护并复测', '2026-04-17 09:00:00', '已宣教'),
(2, 2, 2, '2026-04-16 09:20:00', '病房查房', 2, '偶发早搏', '保持用药', '2026-04-18 09:00:00', '病情稳定'),
(3, 3, 3, '2026-04-16 09:40:00', '病房查房', 3, '房颤发作', '完善抗凝评估', '2026-04-17 10:00:00', '建议会诊'),
(4, 4, 4, '2026-04-16 09:35:00', '线上电话', 4, '间歇延长', '48小时内复查', '2026-04-18 14:00:00', '已预约'),
(5, 5, 5, '2026-04-16 09:50:00', '病房查房', 5, '夜间心率偏低', '夜间加强监护', '2026-04-17 08:30:00', '护士已交班'),
(6, 6, 6, '2026-04-16 09:45:00', '病房查房', 6, '窦速伴房早', '调整药物剂量', '2026-04-17 09:30:00', '继续观察'),
(7, 7, 7, '2026-04-16 09:55:00', '线下会诊', 7, '窦缓明显', '评估起搏器指征', '2026-04-17 11:00:00', '家属已沟通'),
(8, 8, 8, '2026-04-16 10:15:00', '病房查房', 8, '症状偶发', '继续动态监测', '2026-04-18 10:00:00', '无不适'),
(9, 9, 9, '2026-04-16 10:20:00', '病房查房', 9, '活动后胸闷', '建议心超复查', '2026-04-17 15:00:00', '已开单'),
(10, 10, 10, '2026-04-16 10:40:00', '线下急诊', 10, '室早频发', '短期强化治疗', '2026-04-17 09:00:00', '重点监护'),
(11, 11, 11, '2026-04-16 10:30:00', '病房查房', 1, '二联律仍在', '继续监测心律', '2026-04-17 10:30:00', '待复查'),
(12, 12, 12, '2026-04-16 10:50:00', '线下会诊', 2, '停搏风险', '升级看护级别', '2026-04-17 08:00:00', '观察中'),
(13, 13, 13, '2026-04-16 10:55:00', '病房查房', 3, '缺血改变', '继续抗缺血治疗', '2026-04-18 09:20:00', '已告知'),
(14, 14, 14, '2026-04-16 11:00:00', '病房查房', 4, '多源性早搏', '减少活动，复查心电', '2026-04-17 16:00:00', '执行中'),
(15, 15, 15, '2026-04-16 11:20:00', '线下会诊', 5, '短阵室速', '建议转入CCU', '2026-04-17 07:30:00', '重点处理'),
(16, 16, 16, '2026-04-16 11:12:00', '病房查房', 6, '室上速', '密切观察复发', '2026-04-18 08:40:00', '症状缓解'),
(17, 17, 17, '2026-04-16 11:18:00', '门诊随访', 7, '门诊胸闷', '一周后复诊', '2026-04-23 10:00:00', '门诊管理'),
(18, 18, 18, '2026-04-16 11:25:00', '门诊随访', 8, '轻度窦缓', '避免熬夜，按时复查', '2026-04-24 09:30:00', '已出院'),
(19, 19, 19, '2026-04-16 11:35:00', '门诊随访', 9, '轻度房早', '减少咖啡因摄入', '2026-04-24 10:30:00', '健康宣教'),
(20, 20, 20, '2026-04-16 11:45:00', '门诊随访', 10, '窦速', '规律作息，必要时复诊', '2026-04-25 11:00:00', '已出院');

-- ============================================================================
-- 完成
-- ============================================================================
-- 执行完成后，核心表将具备 20 条可联调业务数据。
