-- ==========================================
-- 0. 清除已有测试数据，重置自增主键（关闭外键检查）
-- ==========================================
SET FOREIGN_KEY_CHECKS = 0;
TRUNCATE TABLE bed_info;
TRUNCATE TABLE ward_info;
TRUNCATE TABLE sys_ecg_ward_info;
TRUNCATE TABLE sys_ecg_patient_info;
TRUNCATE TABLE sys_ecg_measure_record;
TRUNCATE TABLE sys_ecg_core_index;
TRUNCATE TABLE sys_ecg_abnormal_warning;
TRUNCATE TABLE sys_dict_warning_level;
TRUNCATE TABLE sys_dict_warning_type;
TRUNCATE TABLE sys_dict_equipment_type;
TRUNCATE TABLE sys_ecg_doctor_info;
TRUNCATE TABLE sys_ecg_equipment_info;
TRUNCATE TABLE sys_ecg_ai_analysis;
TRUNCATE TABLE sys_ecg_report;
TRUNCATE TABLE sys_ecg_follow_up;
TRUNCATE TABLE sys_ecg_measure_stat;
TRUNCATE TABLE sys_ecg_report_stat;
TRUNCATE TABLE sys_ecg_warning_stat;
SET FOREIGN_KEY_CHECKS = 1;

-- ==========================================
-- 1. 字典数据 (3张表)
-- ==========================================
-- 预警级别字典
INSERT INTO sys_dict_warning_level (level_code, level_name, level_desc, sort) VALUES 
('H', '高危', '生命体征危象，需立即介入', 1), 
('M', '中危', '心电波形中度异常，需干预', 2), 
('L', '低危', '轻度变异，需保持监测', 3);

-- 预警类型字典
INSERT INTO sys_dict_warning_type (type_code, type_name, type_desc, sort) VALUES 
('HR_HIGH', '心率过速', '心动过速超阈值', 1), 
('HR_LOW', '心率过缓', '心动过缓低阈值', 2), 
('ARR', '心律失常', '早搏、逸搏、传导阻滞等', 3),
('ST', 'ST段异常', '缺血性ST-T改变', 4);

-- 补全的设备类别字典 (全量要求)
INSERT INTO sys_dict_equipment_type (type_code, type_name, type_desc, sort) VALUES 
('ECG_ROUTINE', '常规心电', '12导/18导常规心电图机', 1),
('ECG_HOLTER', '动态心电', '24小时及以上动态监测盒', 2),
('ECG_TELEMETRY', '遥测心电', '院内无线遥测监护仪', 3),
('ECG_PATCH', '便携心电', '单导/三导贴片式心电', 4);

-- ==========================================
-- 2. 基础组织架构机制体系表 (3张表：病区/病房/医生)
-- ==========================================
-- 10个病区
INSERT INTO sys_ecg_ward_info (ward_id, ward_name, ward_phone, ward_desc) VALUES 
(1, '心血管内科一病区', '010-88880001', '常规心血管疾病与冠心病病区'),
(2, '心血管内科二病区', '010-88880002', '重症及术后复查监测病区'),
(3, '心血管内科三病区', '010-88880003', '术后恢复病区'),
(4, '心血管内科四病区', '010-88880004', '冠心病专科病区'),
(5, '心血管内科五病区', '010-88880005', '心律失常病区'),
(6, '心血管内科六病区', '010-88880006', '心衰专科病区'),
(7, '心血管内科七病区', '010-88880007', '高血压专科病区'),
(8, '心血管内科八病区', '010-88880008', '结构性心脏病专科'),
(9, '心血管内科九病区', '010-88880009', '心脏康复病区'),
(10, '心血管内科十病区', '010-88880010', '综合心血管病区');

-- 10个病房信息 (分别关联)
INSERT INTO ward_info (ward_id, department, ward_no, nurse_name, total_beds) VALUES 
(1, '心血管内科', '101', '张护士', 5), (2, '心血管内科', '102', '李护士', 5),
(3, '心血管内科', '103', '王护士', 5), (4, '心血管内科', '104', '赵护士', 5),
(5, '心血管内科', '105', '陈护士', 5), (6, '心血管内科', '106', '刘护士', 5),
(7, '心血管内科', '107', '杨护士', 5), (8, '心血管内科', '108', '黄护士', 5),
(9, '心血管内科', '109', '周护士', 5), (10, '心血管内科', '110', '吴护士', 5);

-- 15位医生数据
INSERT INTO sys_ecg_doctor_info (doctor_id, doctor_name, doctor_title, ward_id, user_name, password, is_active) VALUES
(1, '张伟', '主任医师', 1, 'zhangwei', 'e10adc3949ba59abbe56e057f20f883e', 1),
(2, '李芳', '副主任医师', 2, 'lifang', 'e10adc3949ba59abbe56e057f20f883e', 1),
(3, '王强', '主治医师', 3, 'wangqiang', 'e10adc3949ba59abbe56e057f20f883e', 1),
(4, '赵敏', '住院医师', 4, 'zhaomin', 'e10adc3949ba59abbe56e057f20f883e', 1),
(5, '刘洋', '主任医师', 5, 'liuyang', 'e10adc3949ba59abbe56e057f20f883e', 1),
(6, '陈静', '副主任医师', 6, 'chenjing', 'e10adc3949ba59abbe56e057f20f883e', 1),
(7, '杨勇', '主治医师', 7, 'yangyong', 'e10adc3949ba59abbe56e057f20f883e', 1),
(8, '黄燕', '住院医师', 8, 'huangyan', 'e10adc3949ba59abbe56e057f20f883e', 1),
(9, '周杰', '主任医师', 9, 'zhoujie', 'e10adc3949ba59abbe56e057f20f883e', 1),
(10, '吴娟', '副主任医师', 10, 'wujuan', 'e10adc3949ba59abbe56e057f20f883e', 1),
(11, '徐伟', '主治医师', 1, 'xuwei', 'e10adc3949ba59abbe56e057f20f883e', 1),
(12, '孙丽', '住院医师', 2, 'sunli', 'e10adc3949ba59abbe56e057f20f883e', 1),
(13, '朱平', '主治医师', 3, 'zhuping', 'e10adc3949ba59abbe56e057f20f883e', 1),
(14, '林欢', '住院医师', 4, 'linhuan', 'e10adc3949ba59abbe56e057f20f883e', 1),
(15, '郑凯', '主治医师', 5, 'zhengkai', 'e10adc3949ba59abbe56e057f20f883e', 1);

-- ==========================================
-- 3. 设备信息 (1张表)
-- ==========================================
INSERT INTO sys_ecg_equipment_info (equipment_id, equipment_code, equipment_name, equipment_type, manufacturer, ward_id, equipment_status) VALUES
(101, 'ECG-DEV-001', '常规心电仪A1', '常规心电', '迈瑞', 1, '正常'), (102, 'ECG-DEV-002', '动态心电盒H1', '动态心电', '理邦', 2, '正常'),
(103, 'ECG-DEV-003', '遥测心电仪W1', '遥测心电', '飞利浦', 3, '正常'), (104, 'ECG-DEV-004', '便携贴P1', '便携心电', '微心', 4, '正常'),
(105, 'ECG-DEV-005', '常规心电仪A2', '常规心电', '迈瑞', 5, '正常'), (106, 'ECG-DEV-006', '动态心电盒H2', '动态心电', '理邦', 6, '维修中'),
(107, 'ECG-DEV-007', '遥测心电仪W2', '遥测心电', '飞利浦', 7, '正常'), (108, 'ECG-DEV-008', '便携贴P2', '便携心电', '微心', 8, '正常'),
(109, 'ECG-DEV-009', '常规心电仪A3', '常规心电', '迈瑞', 9, '正常'), (110, 'ECG-DEV-010', '动态心电盒H3', '动态心电', '理邦', 10, '正常'),
(201, 'ECG-DEV-011', '遥测心电仪W3', '遥测心电', '飞利浦', 1, '正常'), (202, 'ECG-DEV-012', '便携贴P3', '便携心电', '微心', 2, '正常'),
(203, 'ECG-DEV-013', '常规心电仪A4', '常规心电', '迈瑞', 3, '正常'), (204, 'ECG-DEV-014', '动态心电盒H4', '动态心电', '理邦', 4, '正常'),
(205, 'ECG-DEV-015', '遥测心电仪W4', '遥测心电', '飞利浦', 5, '正常');

-- ==========================================
-- 4. 床位与患者 (2张表：前15名确联床位及病区，后5名无床位不确联病区)
-- ==========================================
-- 20个床位
INSERT INTO bed_info (bed_id, ward_id, bed_no, status, patient_id) VALUES
(1, 1, '101-01', 1, 1), (2, 1, '101-02', 1, 2),
(3, 2, '102-01', 1, 3), (4, 2, '102-02', 1, 4),
(5, 3, '103-01', 1, 5), (6, 3, '103-02', 1, 6),
(7, 4, '104-01', 1, 7), (8, 4, '104-02', 1, 8),
(9, 5, '105-01', 1, 9), (10, 5, '105-02', 1, 10),
(11, 6, '106-01', 1, 11), (12, 6, '106-02', 1, 12),
(13, 7, '107-01', 1, 13), (14, 7, '107-02', 1, 14),
(15, 8, '108-01', 1, 15), (16, 8, '108-02', 0, NULL),
(17, 9, '109-01', 0, NULL), (18, 9, '109-02', 0, NULL),
(19, 10, '110-01', 0, NULL), (20, 10, '110-02', 0, NULL);

-- 20位患者
INSERT INTO sys_ecg_patient_info (patient_id, patient_name, patient_gender, patient_age, inpatient_no, inpatient_date, bed_no, inpatient_diagnosis, ward_id) VALUES
(1, '赵建国', '男', 65, 'ZY2026001', '2026-04-10', '101-01', '冠心病，心绞痛', 1),
(2, '钱秀英', '女', 72, 'ZY2026002', '2026-04-10', '101-02', '高血压心脏病', 1),
(3, '孙伟', '男', 58, 'ZY2026003', '2026-04-11', '102-01', '阵发性房颤', 2),
(4, '李志强', '男', 45, 'ZY2026004', '2026-04-11', '102-02', '心肌炎', 2),
(5, '周兰', '女', 66, 'ZY2026005', '2026-04-12', '103-01', '心血管阻塞', 3),
(6, '吴敏', '女', 54, 'ZY2026006', '2026-04-12', '103-02', '肺源性心脏病', 3),
(7, '郑杰', '男', 70, 'ZY2026007', '2026-04-12', '104-01', '扩张型心肌病', 4),
(8, '王强', '男', 61, 'ZY2026008', '2026-04-13', '104-02', '冠状动脉硬化', 4),
(9, '冯芳', '女', 49, 'ZY2026009', '2026-04-13', '105-01', '二尖瓣重度反流', 5),
(10, '陈平', '男', 78, 'ZY2026010', '2026-04-14', '105-02', '心力衰竭', 5),
(11, '褚静', '女', 59, 'ZY2026011', '2026-04-14', '106-01', '室性早搏', 6),
(12, '卫东', '男', 63, 'ZY2026012', '2026-04-14', '106-02', '窦性心动过缓', 6),
(13, '蒋丽', '女', 82, 'ZY2026013', '2026-04-15', '107-01', '不稳定性心绞痛', 7),
(14, '沈洋', '男', 55, 'ZY2026014', '2026-04-15', '107-02', '缺血性心肌病', 7),
(15, '韩梅', '女', 68, 'ZY2026015', '2026-04-15', '108-01', '急性心梗后', 8),
(16, '杨波', '男', 41, 'ZY2026016', '2026-04-15', NULL, '心律不齐待查', NULL),
(17, '朱华', '男', 50, 'ZY2026017', '2026-04-15', NULL, '胸闷气短', NULL),
(18, '秦琴', '女', 44, 'ZY2026018', '2026-04-15', NULL, '自主神经功能紊乱', NULL),
(19, '尤磊', '男', 38, 'ZY2026019', '2026-04-15', NULL, '高血压3级', NULL),
(20, '许婷', '女', 56, 'ZY2026020', '2026-04-15', NULL, '心脏瓣膜病', NULL);

-- ==========================================
-- 5. 核心业务流程 (7张表：测量 -> 核心指标 -> AI -> 报告 -> 预警 -> 处理 -> 随访)
-- ==========================================
-- (1) 测量记录
INSERT INTO sys_ecg_measure_record (measure_id, patient_id, measure_type, equipment_id, start_time, measure_status, ward_id) VALUES
(1, 1, '常规心电', 101, '2026-04-15 08:15:00', '采集中', 1), (2, 2, '常规心电', 102, '2026-04-15 08:20:00', '采集中', 1),
(3, 3, '常规心电', 103, '2026-04-15 08:30:00', '已完成', 2), (4, 4, '动态心电', 104, '2026-04-15 08:45:00', '采集中', 2),
(5, 5, '常规心电', 105, '2026-04-15 08:50:00', '采集中', 3), (6, 6, '常规心电', 106, '2026-04-15 09:00:00', '采集中', 3),
(7, 7, '常规心电', 107, '2026-04-15 09:10:00', '采集中', 4), (8, 8, '动态心电', 108, '2026-04-15 09:15:00', '采集中', 4),
(9, 9, '常规心电', 109, '2026-04-15 09:30:00', '采集中', 5), (10, 10, '常规心电', 110, '2026-04-15 09:40:00', '采集中', 5),
(11, 11, '常规心电', 201, '2026-04-15 09:45:00', '已完成', 6), (12, 12, '动态心电', 202, '2026-04-15 10:00:00', '采集中', 6),
(13, 13, '常规心电', 203, '2026-04-15 10:10:00', '采集中', 7), (14, 14, '常规心电', 204, '2026-04-15 10:20:00', '采集中', 7),
(15, 15, '动态心电', 205, '2026-04-15 10:30:00', '采集中', 8), (16, 16, '门诊心电', NULL, '2026-04-15 10:35:00', '已完成', NULL),
(17, 17, '门诊心电', NULL, '2026-04-15 10:40:00', '已完成', NULL), (18, 18, '门诊心电', NULL, '2026-04-15 11:00:00', '已完成', NULL),
(19, 19, '门诊心电', NULL, '2026-04-15 11:15:00', '已完成', NULL), (20, 20, '门诊心电', NULL, '2026-04-15 11:30:00', '已完成', NULL);

-- (2) 核心指标特征
INSERT INTO sys_ecg_core_index (measure_id, avg_heart_rate, min_heart_rate, max_heart_rate, max_rr_interval, atrial_premature, ventricular_premature) VALUES
(1, 115.5, 95, 138, 0.8, 12, 0),    (2, 85.0, 60, 105, 1.2, 5, 2),
(3, 128.0, 110, 155, 0.6, 120, 5),  (4, 75.5, 55, 95, 1.5, 0, 0),
(5, 68.0, 50, 88, 1.8, 2, 0),       (6, 102.5, 80, 125, 0.9, 15, 8),
(7, 58.0, 42, 85, 2.1, 0, 12),      (8, 92.5, 65, 118, 1.1, 4, 1),
(9, 78.0, 60, 100, 1.3, 0, 0),      (10, 110.0, 85, 142, 0.7, 45, 18),
(11, 88.5, 65, 112, 1.0, 1, 35),    (12, 45.0, 38, 62, 2.5, 0, 0),
(13, 98.0, 75, 130, 0.8, 8, 3),     (14, 82.5, 60, 105, 1.2, 2, 1),
(15, 105.0, 88, 135, 0.9, 50, 22),  (16, 122.0, 105, 148, 0.6, 20, 2),
(17, 72.0, 55, 95, 1.4, 0, 0),      (18, 65.5, 48, 88, 1.6, 5, 0),
(19, 95.0, 70, 125, 1.0, 8, 2),     (20, 118.5, 95, 145, 0.7, 30, 5);

-- (3) AI 自动分析结果
INSERT INTO sys_ecg_ai_analysis (ai_analysis_id, measure_id, model_version, ai_diagnosis, abnormal_index, is_verified) VALUES
(1, 1, 'v2.0', '窦性心动过速', 'HR_HIGH', 1), (2, 2, 'v2.0', '偶发室性早搏', 'ARR', 1), (3, 3, 'v2.0', '心房颤动', 'HR_HIGH', 0),
(4, 4, 'v2.0', '长RR间期(>1.5s)', 'ARR', 1), (5, 5, 'v2.0', '窦性心动过缓', 'HR_LOW', 0), (6, 6, 'v2.0', '窦速伴房早', 'HR_HIGH, ARR', 1),
(7, 7, 'v2.0', '显著窦缓', 'HR_LOW', 1), (8, 8, 'v2.0', '成对房性早搏', 'ARR', 0), (9, 9, 'v2.0', '缺血性ST低', 'ST', 1),
(10, 10, 'v2.0', '频发室性早搏', 'ARR', 1), (11, 11, 'v2.0', '室早二联律', 'ARR', 0), (12, 12, 'v2.0', '长停搏(>2.0s)', 'HR_LOW', 1),
(13, 13, 'v2.0', 'T倒置ST低', 'ST', 1), (14, 14, 'v2.0', '多源性早搏', 'ARR', 0), (15, 15, 'v2.0', '短阵室速', 'HR_HIGH, ARR', 1);

-- (4) 异常预警表 (1~15在管纳入，16~20待管不纳入)
INSERT INTO sys_ecg_abnormal_warning (warning_id, measure_id, patient_id, warning_time, warning_type, warning_level, warning_status) VALUES
(1, 1, 1, '2026-04-15 08:35', 'HR_HIGH', 'M', '1'), (2, 2, 2, '2026-04-15 08:40', 'ARR', 'L', '1'),
(3, 3, 3, '2026-04-15 08:55', 'HR_HIGH', 'H', '1'), (4, 4, 4, '2026-04-15 09:05', 'ARR', 'L', '1'),
(5, 5, 5, '2026-04-15 09:12', 'HR_LOW', 'L', '1'),  (6, 6, 6, '2026-04-15 09:25', 'HR_HIGH', 'M', '1'),
(7, 7, 7, '2026-04-15 09:35', 'HR_LOW', 'H', '1'),  (8, 8, 8, '2026-04-15 09:42', 'ARR', 'M', '1'),
(9, 9, 9, '2026-04-15 09:55', 'ST', 'M', '1'),      (10, 10, 10, '2026-04-15 10:05', 'ARR', 'H', '1'),
(11, 11, 11, '2026-04-15 10:15', 'ARR', 'H', '1'),  (12, 12, 12, '2026-04-15 10:25', 'HR_LOW', 'H', '1'),
(13, 13, 13, '2026-04-15 10:35', 'ST', 'M', '1'),   (14, 14, 14, '2026-04-15 10:45', 'ARR', 'L', '1'),
(15, 15, 15, '2026-04-15 10:55', 'HR_HIGH', 'H', '1'),
(16, 16, 16, '2026-04-15 11:05', 'HR_HIGH', 'M', '0'), (17, 17, 17, '2026-04-15 11:10', 'ARR', 'L', '0'),
(18, 18, 18, '2026-04-15 11:25', 'HR_LOW', 'M', '0'),  (19, 19, 19, '2026-04-15 11:40', 'ARR', 'L', '0'),
(20, 20, 20, '2026-04-15 11:55', 'HR_HIGH', 'M', '0');

-- (5) 审核后的医生心电图报告
INSERT INTO sys_ecg_report (report_id, measure_id, ai_analysis_id, patient_id, report_no, diagnosis_result, create_doctor_id, review_doctor_id, report_status) VALUES
(1, 1, 1, 1, 'REP202604150001', '窦性心动过速', 1, 2, '已审核'),         (2, 2, 2, 2, 'REP202604150002', '窦性心律，偶发室性早搏', 3, 1, '已审核'),
(3, 3, 3, 3, 'REP202604150003', '阵发性心房颤动', 4, NULL, '待审核'),     (4, 4, 4, 4, 'REP202604150004', '窦性心律，伴长RR间期', 5, 6, '已审核'),
(5, 5, 5, 5, 'REP202604150005', '窦性心动过缓', 7, NULL, '待审核'),       (6, 6, 6, 6, 'REP202604150006', '窦速伴房早', 8, 9, '已审核'),
(7, 7, 7, 7, 'REP202604150007', '显著窦性心动过缓', 10, 5, '已审核'),    (8, 8, 8, 8, 'REP202604150008', '成对房性早搏', 1, NULL, '草稿'),
(9, 9, 9, 9, 'REP202604150009', '下壁心肌缺血', 3, 2, '已审核'),        (10, 10, 10, 10, 'REP202604150010', '频发室性早搏', 6, 5, '已审核'),
(11, 11, 11, 11, 'REP202604150011', '室早二联律', 8, NULL, '待审核'),    (12, 12, 12, 12, 'REP202604150012', '窦停', 9, 10, '已审核'),
(13, 13, 13, 13, 'REP202604150013', '心肌缺血改变', 4, 3, '已审核'),     (14, 14, 14, 14, 'REP202604150014', '多源性早搏', 7, NULL, '草稿'),
(15, 15, 15, 15, 'REP202604150015', '短阵室性心动过速', 10, 9, '已审核');

-- (6) 随访记录表 (针对有明确诊断结果或已审核结束的患者)
INSERT INTO sys_ecg_follow_up (follow_id, patient_id, measure_id, follow_type, follow_doctor_id, follow_advice) VALUES 
(1, 1, 1, '病房查房', 1, '适当休息，继续维持药物计量。'),
(2, 2, 2, '病房查房', 3, '偶发早搏，无需紧张，随时关注。'),
(3, 4, 4, '线上电话', 5, '发现RR延长现象已趋缓，下周二复查动态。'),
(4, 6, 6, '病房查房', 8, '心率依然快，更换Beta受体阻滞剂测试。'),
(5, 7, 7, '线下问诊', 10, '心动过缓明显，转交心跳起搏器评估组。'),
(6, 9, 9, '病房查房', 3, '缺血有改善趋势，复查心超。'),
(7, 10, 10, '线下问诊', 6, '频发室早，口服胺碘酮并加急。'),
(8, 12, 12, '病房查房', 9, '停搏现象危险，已申请置入起搏器，家属通知。'),
(9, 13, 13, '线下问诊', 4, '缺血继续口服药物支持。'),
(10, 15, 15, '线下急救', 10,'捕捉到短阵室速，即刻转入CCU严密监控！');

-- ==========================================
-- 6. 统计报表数据 (3张大屏与面板支撑统计表)
-- ==========================================
-- (1) 测量统计 (sys_ecg_measure_stat) - 汇总3月的各病区量
INSERT INTO sys_ecg_measure_stat (stat_id, stat_time, ward_id, equipment_type, total_measure, normal_measure, abnormal_measure, stat_cycle) VALUES
(1, '2026-03-31', 1, '常规心电', 1500, 1200, 300, '月度'), (2, '2026-03-31', 2, '动态心电', 500, 100, 400, '月度'),
(3, '2026-03-31', 3, '常规心电', 1100, 950, 150, '月度'),  (4, '2026-03-31', 4, '常规心电', 900, 600, 300, '月度'),
(5, '2026-04-14', 5, '便携心电', 40, 10, 30, '日度'),     (6, '2026-04-14', 6, '遥测心电', 180, 80, 100, '日度'),
(7, '2026-04-14', 1, '常规心电', 50, 45, 5, '日度'),      (8, '2026-04-14', 2, '动态心电', 20, 5, 15, '日度'),
(9, '2026-04-14', 7, '常规心电', 40, 35, 5, '日度'),      (10, '2026-04-14', 8, '常规心电', 60, 40, 20, '日度');

-- (2) 预警统计 (sys_ecg_warning_stat) - 汇总处理情况
INSERT INTO sys_ecg_warning_stat (warning_stat_id, stat_time, ward_id, warning_level, warning_type, total_warning, handled_warning, unhandled_warning, avg_handle_time, stat_cycle) VALUES
(1, '2026-03-31', 1, 'H', 'HR_HIGH', 150, 150, 0, 5.2, '月度'),
(2, '2026-03-31', 2, 'H', 'ARR',     200, 195, 5, 8.4, '月度'),
(3, '2026-03-31', 3, 'M', 'ST',      100, 90, 10, 15.6, '月度'),
(4, '2026-04-14', 1, 'H', 'HR_HIGH', 10, 10, 0, 3.1, '日度'),
(5, '2026-04-14', 2, 'H', 'ARR',     15, 12, 3, 5.5, '日度'),
(6, '2026-04-14', 4, 'M', 'HR_LOW',  8, 8, 0, 12.0, '日度'),
(7, '2026-04-14', 5, 'L', 'ARR',     30, 20, 10, 45.0, '日度'),
(8, '2026-04-14', 6, 'H', 'ARR',     12, 12, 0, 2.5, '日度'),
(9, '2026-04-14', 7, 'M', 'HR_HIGH', 9, 8, 1, 14.2, '日度'),
(10, '2026-04-14', 8, 'H', 'ARR',    20, 19, 1, 6.8, '日度');

-- (3) 报告统计 (sys_ecg_report_stat) - 质控和阅片工作量
INSERT INTO sys_ecg_report_stat (report_stat_id, stat_time, ward_id, total_report, draft_report, pending_review_report, approved_report, archived_report, avg_review_time, stat_cycle) VALUES
(1, '2026-03-31', 1, 1400, 50, 150, 1000, 200, 10.5, '月度'),
(2, '2026-03-31', 2, 450,  20, 30,  300,  100, 15.2, '月度'),
(3, '2026-03-31', 3, 1000, 10, 90,  800,  100, 8.5,  '月度'),
(4, '2026-04-14', 1, 48,   2,  5,   40,   1,   12.0, '日度'),
(5, '2026-04-14', 2, 18,   1,  2,   15,   0,   18.5, '日度'),
(6, '2026-04-14', 3, 35,   0,  5,   30,   0,   9.2,  '日度'),
(7, '2026-04-14', 4, 25,   3,  2,   20,   0,   14.0, '日度'),
(8, '2026-04-14', 5, 20,   0,  1,   19,   0,   11.5, '日度'),
(9, '2026-04-14', 6, 50,   5,  10,  35,   0,   22.4, '日度'),
(10, '2026-04-14', 8, 45,  1,  4,   40,   0,   8.8,  '日度');